<?xml version="1.0" ?>
<launch>
  <arg name="robot_description"/>
  <arg name="robot_description_semantic"/>
  <arg name="verbose" default="False"/>
  <arg name="touch_links" default="[]"/>
  <arg name="task_composer_config_file" default="$(find-pkg-share snp_motion_planning)/config/task_composer_plugins.yaml"/>
  <arg name="task_name" default="SNPPipeline"/>
  <arg name="collision_object_type" default="convex_mesh" description="Collision model representation for scan mesh (convex_mesh, mesh, octree)"/>

  <node pkg="snp_motion_planning" exec="snp_motion_planning_node" output="screen">
    <param name="robot_description" value="$(var robot_description)"/>
    <param name="robot_description_semantic" value="$(var robot_description_semantic)"/>
    <param name="verbose" value="$(var verbose)"/>
    <param name="touch_links" value="$(var touch_links)"/>
    <param name="max_translational_vel" value="0.050"/>
    <param name="max_rotational_vel" value="1.571"/>
    <param name="max_translational_acc" value="0.1"/>
    <param name="max_rotational_acc" value="3.14159"/>
    <param name="check_joint_acc" value="false"/>
    <param name="task_composer_config_file" value="$(var task_composer_config_file)"/>
    <param name="task_name" value="$(var task_name)"/>
    <param name="octree_resolution" value="0.010"/>
    <param name="collision_object_type" value="$(var collision_object_type)"/>
  </node>

</launch>
