<?xml version="1.0"?>
<launch>
  <arg name="target_file" default="$(find-pkg-share snp_blending)/calibration/charuco_target_7x5.yaml" />
  <arg name="save_dir" default="$(env HOME)/snp/2023/calibration_data"/>

  <include file="$(find-pkg-share rct_ros_tools_rclcpp)/launch/command_line_data_collection.launch.xml">
    <arg name="target_file" value="$(var target_file)"/>
    <arg name="save_dir" value="$(var save_dir)"/>
    <arg name="image_topic" value="camera/color/image_raw"/>
    <arg name="base_frame" value="base_link"/>
    <arg name="tool_frame" value="tool0" />
  </include>
</launch>
