<?xml version="1.0"?>
<launch>
  <arg name="target_file" default="$(find-pkg-share snp_blending)/calibration/charuco_target_7x5.yaml" />
  <arg name="path" default="$(env HOME)/snp/2023/calibration_data"/>
  <arg name="homography_threshold" default="1.0" />

  <include file="$(find-pkg-share rct_ros_tools_rclcpp)/launch/hand_eye_calibration.launch.xml">
    <arg name="data_path" value="$(var path)/data.yaml"/>
    <arg name="target_file" value="$(var target_file)"/>
    <arg name="homography_threshold" value="$(var homography_threshold)"/>
    <arg name="intrinsics" value="$(find-pkg-share snp_blending)/calibration/intrinsics.yaml"/>
    <arg name="output_file" value="$(var path)/calibration.yaml"/>
    <!-- Transform guess TF frames -->
    <arg name="target_mount_frame" value="base_link"/>
    <arg name="target_frame" value="cal_target_frame"/>
    <arg name="camera_mount_frame" value="tool0"/>
    <arg name="camera_frame" value="camera_color_optical_frame"/>
  </include>
</launch>
